[
  {
    "iso2": "af",
    "dial_code": "93",
    "name": "Afghanistan",
    "name_ar": "أفغانستان"
  },
  {
    "iso2": "al",
    "dial_code": "355",
    "name": "Albania",
    "name_ar": "ألبانيا"
  },
  {
    "iso2": "dz",
    "dial_code": "213",
    "name": "Algeria",
    "name_ar": "الجزائر"
  },
  {
    "iso2": "ad",
    "dial_code": "376",
    "name": "Andorra",
    "name_ar": "أندورا"
  },
  {
    "iso2": "ao",
    "dial_code": "244",
    "name": "Angola",
    "name_ar": "أنغولا"
  },
  {
    "iso2": "aq",
    "dial_code": "672",
    "name": "Antarctica",
    "name_ar": "القطب الجنوبي"
  },
  {
    "iso2": "ar",
    "dial_code": "54",
    "name": "Argentina",
    "name_ar": "الأرجنتين"
  },
  {
    "iso2": "am",
    "dial_code": "374",
    "name": "Armenia",
    "name_ar": "أرمينيا"
  },
  {
    "iso2": "aw",
    "dial_code": "297",
    "name": "Aruba",
    "name_ar": "اروبا"
  },
  {
    "iso2": "au",
    "dial_code": "61",
    "name": "Australia",
    "name_ar": "أستراليا"
  },
  {
    "iso2": "at",
    "dial_code": "43",
    "name": "Austria",
    "name_ar": "النمسا"
  },
  {
    "iso2": "az",
    "dial_code": "994",
    "name": "Azerbaijan",
    "name_ar": "أذربيجان"
  },
  {
    "iso2": "bh",
    "dial_code": "973",
    "name": "Bahrain",
    "name_ar": "البحرين"
  },
  {
    "iso2": "bd",
    "dial_code": "880",
    "name": "Bangladesh",
    "name_ar": "بنغلاديش"
  },
  {
    "iso2": "by",
    "dial_code": "375",
    "name": "Belarus",
    "name_ar": "روسيا البيضاء"
  },
  {
    "iso2": "be",
    "dial_code": "32",
    "name": "Belgium",
    "name_ar": "بلجيكا"
  },
  {
    "iso2": "bz",
    "dial_code": "501",
    "name": "Belize",
    "name_ar": "بليز"
  },
  {
    "iso2": "bj",
    "dial_code": "229",
    "name": "Benin",
    "name_ar": "بنين"
  },
  {
    "iso2": "bt",
    "dial_code": "975",
    "name": "Bhutan",
    "name_ar": "بوتان"
  },
  {
    "iso2": "bo",
    "dial_code": "591",
    "name": "Bolivia, Plurinational State Of",
    "name_ar": "دولة بوليفيا المتعددة القوميات"
  },
  {
    "iso2": "ba",
    "dial_code": "387",
    "name": "Bosnia And Herzegovina",
    "name_ar": "البوسنة والهرسك"
  },
  {
    "iso2": "bw",
    "dial_code": "267",
    "name": "Botswana",
    "name_ar": "بوتسوانا"
  },
  {
    "iso2": "br",
    "dial_code": "55",
    "name": "Brazil",
    "name_ar": "البرازيل"
  },
  {
    "iso2": "bn",
    "dial_code": "673",
    "name": "Brunei Darussalam",
    "name_ar": "بروناي دار السلام"
  },
  {
    "iso2": "bg",
    "dial_code": "359",
    "name": "Bulgaria",
    "name_ar": "بلغاريا"
  },
  {
    "iso2": "bf",
    "dial_code": "226",
    "name": "Burkina Faso",
    "name_ar": "بوركينا فاسو"
  },
  {
    "iso2": "mm",
    "dial_code": "95",
    "name": "Myanmar",
    "name_ar": "ميانمار"
  },
  {
    "iso2": "bi",
    "dial_code": "257",
    "name": "Burundi",
    "name_ar": "بوروندي"
  },
  {
    "iso2": "kh",
    "dial_code": "855",
    "name": "Cambodia",
    "name_ar": "كمبوديا"
  },
  {
    "iso2": "cm",
    "dial_code": "237",
    "name": "Cameroon",
    "name_ar": "الكاميرون"
  },
  {
    "iso2": "ca",
    "dial_code": "1",
    "name": "Canada",
    "name_ar": "كندا"
  },
  {
    "iso2": "cv",
    "dial_code": "238",
    "name": "Cape Verde",
    "name_ar": "الرأس الأخضر"
  },
  {
    "iso2": "cf",
    "dial_code": "236",
    "name": "Central African Republic",
    "name_ar": "جمهورية أفريقيا الوسطى"
  },
  {
    "iso2": "td",
    "dial_code": "235",
    "name": "Chad",
    "name_ar": "تشاد"
  },
  {
    "iso2": "cl",
    "dial_code": "56",
    "name": "Chile",
    "name_ar": "شيلي"
  },
  {
    "iso2": "cn",
    "dial_code": "86",
    "name": "China",
    "name_ar": "الصين"
  },
  {
    "iso2": "cx",
    "dial_code": "61",
    "name": "Christmas Island",
    "name_ar": "جزيرة الكريسماس"
  },
  {
    "iso2": "cc",
    "dial_code": "61",
    "name": "Cocos (keeling) Islands",
    "name_ar": "جزر كوكوس (كيلينغ)"
  },
  {
    "iso2": "co",
    "dial_code": "57",
    "name": "Colombia",
    "name_ar": "كولومبيا"
  },
  {
    "iso2": "km",
    "dial_code": "269",
    "name": "Comoros",
    "name_ar": "جزر القمر"
  },
  {
    "iso2": "cg",
    "dial_code": "242",
    "name": "Congo",
    "name_ar": "الكونغو"
  },
  {
    "iso2": "cd",
    "dial_code": "243",
    "name": "Congo, The Democratic Republic Of The",
    "name_ar": "الكونغو، جمهورية الكونغو الديمقراطية لل"
  },
  {
    "iso2": "ck",
    "dial_code": "682",
    "name": "Cook Islands",
    "name_ar": "جزر كوك"
  },
  {
    "iso2": "cr",
    "dial_code": "506",
    "name": "Costa Rica",
    "name_ar": "كوستاريكا"
  },
  {
    "iso2": "hr",
    "dial_code": "385",
    "name": "Croatia",
    "name_ar": "كرواتيا"
  },
  {
    "iso2": "cu",
    "dial_code": "53",
    "name": "Cuba",
    "name_ar": "كوبا"
  },
  {
    "iso2": "cy",
    "dial_code": "357",
    "name": "Cyprus",
    "name_ar": "قبرص"
  },
  {
    "iso2": "cz",
    "dial_code": "420",
    "name": "Czech Republic",
    "name_ar": "جمهورية التشيك"
  },
  {
    "iso2": "dk",
    "dial_code": "45",
    "name": "Denmark",
    "name_ar": "الدنمارك"
  },
  {
    "iso2": "dj",
    "dial_code": "253",
    "name": "Djibouti",
    "name_ar": "جيبوتي"
  },
  {
    "iso2": "tl",
    "dial_code": "670",
    "name": "Timor-leste",
    "name_ar": "تيمور الشرقية"
  },
  {
    "iso2": "ec",
    "dial_code": "593",
    "name": "Ecuador",
    "name_ar": "الإكوادور"
  },
  {
    "iso2": "eg",
    "dial_code": "20",
    "name": "Egypt",
    "name_ar": "مصر"
  },
  {
    "iso2": "sv",
    "dial_code": "503",
    "name": "El Salvador",
    "name_ar": "السلفادور"
  },
  {
    "iso2": "gq",
    "dial_code": "240",
    "name": "Equatorial Guinea",
    "name_ar": "غينيا الاستوائية"
  },
  {
    "iso2": "er",
    "dial_code": "291",
    "name": "Eritrea",
    "name_ar": "إريتريا"
  },
  {
    "iso2": "ee",
    "dial_code": "372",
    "name": "Estonia",
    "name_ar": "استونيا"
  },
  {
    "iso2": "et",
    "dial_code": "251",
    "name": "Ethiopia",
    "name_ar": "إثيوبيا"
  },
  {
    "iso2": "fk",
    "dial_code": "500",
    "name": "Falkland Islands (malvinas)",
    "name_ar": "جزر فوكلاند (مالفيناس)"
  },
  {
    "iso2": "fo",
    "dial_code": "298",
    "name": "Faroe Islands",
    "name_ar": "جزر فارو"
  },
  {
    "iso2": "fj",
    "dial_code": "679",
    "name": "Fiji",
    "name_ar": "فيجي"
  },
  {
    "iso2": "fi",
    "dial_code": "358",
    "name": "Finland",
    "name_ar": "فنلندا"
  },
  {
    "iso2": "fr",
    "dial_code": "33",
    "name": "France",
    "name_ar": "فرنسا"
  },
  {
    "iso2": "pf",
    "dial_code": "689",
    "name": "French Polynesia",
    "name_ar": "بولينيزيا الفرنسية"
  },
  {
    "iso2": "ga",
    "dial_code": "241",
    "name": "Gabon",
    "name_ar": "الغابون"
  },
  {
    "iso2": "gm",
    "dial_code": "220",
    "name": "Gambia",
    "name_ar": "غامبيا"
  },
  {
    "iso2": "ge",
    "dial_code": "995",
    "name": "Georgia",
    "name_ar": "جورجيا"
  },
  {
    "iso2": "de",
    "dial_code": "49",
    "name": "Germany",
    "name_ar": "ألمانيا"
  },
  {
    "iso2": "gh",
    "dial_code": "233",
    "name": "Ghana",
    "name_ar": "غانا"
  },
  {
    "iso2": "gi",
    "dial_code": "350",
    "name": "Gibraltar",
    "name_ar": "جبل طارق"
  },
  {
    "iso2": "gr",
    "dial_code": "30",
    "name": "Greece",
    "name_ar": "اليونان"
  },
  {
    "iso2": "gl",
    "dial_code": "299",
    "name": "Greenland",
    "name_ar": "غرينلاند"
  },
  {
    "iso2": "gt",
    "dial_code": "502",
    "name": "Guatemala",
    "name_ar": "غواتيمالا"
  },
  {
    "iso2": "gn",
    "dial_code": "224",
    "name": "Guinea",
    "name_ar": "غينيا"
  },
  {
    "iso2": "gw",
    "dial_code": "245",
    "name": "Guinea-bissau",
    "name_ar": "غينيا بيساو"
  },
  {
    "iso2": "gy",
    "dial_code": "592",
    "name": "Guyana",
    "name_ar": "غيانا"
  },
  {
    "iso2": "ht",
    "dial_code": "509",
    "name": "Haiti",
    "name_ar": "هايتي"
  },
  {
    "iso2": "hn",
    "dial_code": "504",
    "name": "Honduras",
    "name_ar": "هندوراس"
  },
  {
    "iso2": "hk",
    "dial_code": "852",
    "name": "Hong Kong",
    "name_ar": "هونغ كونغ"
  },
  {
    "iso2": "hu",
    "dial_code": "36",
    "name": "Hungary",
    "name_ar": "المجر"
  },
  {
    "iso2": "in",
    "dial_code": "91",
    "name": "India",
    "name_ar": "الهند"
  },
  {
    "iso2": "id",
    "dial_code": "62",
    "name": "Indonesia",
    "name_ar": "إندونيسيا"
  },
  {
    "iso2": "ir",
    "dial_code": "98",
    "name": "Iran, Islamic Republic Of",
    "name_ar": "جمهورية إيران الإسلامية "
  },
  {
    "iso2": "iq",
    "dial_code": "964",
    "name": "Iraq",
    "name_ar": "العراق"
  },
  {
    "iso2": "ie",
    "dial_code": "353",
    "name": "Ireland",
    "name_ar": "ايرلندا"
  },
  {
    "iso2": "im",
    "dial_code": "44",
    "name": "Isle Of Man",
    "name_ar": "جزيرة آيل أوف مان"
  },
  {
    "iso2": "ps",
    "dial_code": "970",
    "name": "Palestinian Territory",
    "name_ar": "فلسطين"
  },
  {
      "iso2": "il",
      "dial_code": "972",
      "name": "Israel",
      "name_ar": "إسرائيل"
  },
  {
    "iso2": "it",
    "dial_code": "39",
    "name": "Italy",
    "name_ar": "إيطاليا"
  },
  {
    "iso2": "ci",
    "dial_code": "225",
    "name": "Côte D&apos;ivoire",
    "name_ar": "كوت &apos; أبوس ديفوار"
  },
  {
    "iso2": "jp",
    "dial_code": "81",
    "name": "Japan",
    "name_ar": "اليابان"
  },
  {
    "iso2": "jo",
    "dial_code": "962",
    "name": "Jordan",
    "name_ar": "الأردن"
  },
  {
    "iso2": "kz",
    "dial_code": "7",
    "name": "Kazakhstan",
    "name_ar": "كازاخستان"
  },
  {
    "iso2": "ke",
    "dial_code": "254",
    "name": "Kenya",
    "name_ar": "كينيا"
  },
  {
    "iso2": "ki",
    "dial_code": "686",
    "name": "Kiribati",
    "name_ar": "كيريباس"
  },
  {
    "iso2": "kw",
    "dial_code": "965",
    "name": "Kuwait",
    "name_ar": "الكويت"
  },
  {
    "iso2": "kg",
    "dial_code": "996",
    "name": "Kyrgyzstan",
    "name_ar": "قيرغيزستان"
  },
  {
    "iso2": "la",
    "dial_code": "856",
    "name": "Lao People&apos;s Democratic Republic",
    "name_ar": "جمهورية الكونغو الديمقراطية "
  },
  {
    "iso2": "lv",
    "dial_code": "371",
    "name": "Latvia",
    "name_ar": "لاتفيا"
  },
  {
    "iso2": "lb",
    "dial_code": "961",
    "name": "Lebanon",
    "name_ar": "لبنان"
  },
  {
    "iso2": "ls",
    "dial_code": "266",
    "name": "Lesotho",
    "name_ar": "ليسوتو"
  },
  {
    "iso2": "lr",
    "dial_code": "231",
    "name": "Liberia",
    "name_ar": "ليبيريا"
  },
  {
    "iso2": "ly",
    "dial_code": "218",
    "name": "Libya",
    "name_ar": "ليبيا"
  },
  {
    "iso2": "li",
    "dial_code": "423",
    "name": "Liechtenstein",
    "name_ar": "ليختنشتاين"
  },
  {
    "iso2": "lt",
    "dial_code": "370",
    "name": "Lithuania",
    "name_ar": "ليتوانيا"
  },
  {
    "iso2": "lu",
    "dial_code": "352",
    "name": "Luxembourg",
    "name_ar": "لوكسمبورغ"
  },
  {
    "iso2": "mo",
    "dial_code": "853",
    "name": "Macao",
    "name_ar": "ماكاو"
  },
  {
    "iso2": "mk",
    "dial_code": "389",
    "name": "Macedonia, The Former Yugoslav Republic Of",
    "name_ar": "مقدونيا، الجمهورية اليوغوسلافية السابقة"
  },
  {
    "iso2": "mg",
    "dial_code": "261",
    "name": "Madagascar",
    "name_ar": "مدغشقر"
  },
  {
    "iso2": "mw",
    "dial_code": "265",
    "name": "Malawi",
    "name_ar": "ملاوي"
  },
  {
    "iso2": "my",
    "dial_code": "60",
    "name": "Malaysia",
    "name_ar": "ماليزيا"
  },
  {
    "iso2": "mv",
    "dial_code": "960",
    "name": "Maldives",
    "name_ar": "جزر المالديف"
  },
  {
    "iso2": "ml",
    "dial_code": "223",
    "name": "Mali",
    "name_ar": "مالي"
  },
  {
    "iso2": "mt",
    "dial_code": "356",
    "name": "Malta",
    "name_ar": "مالطا"
  },
  {
    "iso2": "mh",
    "dial_code": "692",
    "name": "Marshall Islands",
    "name_ar": "جزر مارشال"
  },
  {
    "iso2": "mr",
    "dial_code": "222",
    "name": "Mauritania",
    "name_ar": "موريتانيا"
  },
  {
    "iso2": "mu",
    "dial_code": "230",
    "name": "Mauritius",
    "name_ar": "موريشيوس"
  },
  {
    "iso2": "yt",
    "dial_code": "262",
    "name": "Mayotte",
    "name_ar": "مايوت"
  },
  {
    "iso2": "mx",
    "dial_code": "52",
    "name": "Mexico",
    "name_ar": "المكسيك"
  },
  {
    "iso2": "fm",
    "dial_code": "691",
    "name": "Micronesia, Federated States Of",
    "name_ar": "ولايات ميكرونيزيا الموحدة من"
  },
  {
    "iso2": "md",
    "dial_code": "373",
    "name": "Moldova, Republic Of",
    "name_ar": "جمهورية مولدوفا"
  },
  {
    "iso2": "mc",
    "dial_code": "377",
    "name": "Monaco",
    "name_ar": "موناكو"
  },
  {
    "iso2": "mn",
    "dial_code": "976",
    "name": "Mongolia",
    "name_ar": "منغوليا"
  },
  {
    "iso2": "me",
    "dial_code": "382",
    "name": "Montenegro",
    "name_ar": "الجبل الأسود"
  },
  {
    "iso2": "ma",
    "dial_code": "212",
    "name": "Morocco",
    "name_ar": "المغرب"
  },
  {
    "iso2": "mz",
    "dial_code": "258",
    "name": "Mozambique",
    "name_ar": "موزمبيق"
  },
  {
    "iso2": "na",
    "dial_code": "264",
    "name": "Namibia",
    "name_ar": "ناميبيا"
  },
  {
    "iso2": "nr",
    "dial_code": "674",
    "name": "Nauru",
    "name_ar": "ناورو"
  },
  {
    "iso2": "np",
    "dial_code": "977",
    "name": "Nepal",
    "name_ar": "نيبال"
  },
  {
    "iso2": "nl",
    "dial_code": "31",
    "name": "Netherlands",
    "name_ar": "هولندا"
  },
  {
    "iso2": "nc",
    "dial_code": "687",
    "name": "New Caledonia",
    "name_ar": "كاليدونيا الجديدة"
  },
  {
    "iso2": "nz",
    "dial_code": "64",
    "name": "New Zealand",
    "name_ar": "نيوزيلندا"
  },
  {
    "iso2": "ni",
    "dial_code": "505",
    "name": "Nicaragua",
    "name_ar": "نيكاراغوا"
  },
  {
    "iso2": "ne",
    "dial_code": "227",
    "name": "Niger",
    "name_ar": "النيجر"
  },
  {
    "iso2": "ng",
    "dial_code": "234",
    "name": "Nigeria",
    "name_ar": "نيجيريا"
  },
  {
    "iso2": "nu",
    "dial_code": "683",
    "name": "Niue",
    "name_ar": "نيوي"
  },
  {
    "iso2": "kp",
    "dial_code": "850",
    "name": "Korea, Democratic People&apos;s Republic Of",
    "name_ar": "كوريا الديمقراطية الشعبية وتضمينه في جمهورية"
  },
  {
    "iso2": "no",
    "dial_code": "47",
    "name": "Norway",
    "name_ar": "النرويج"
  },
  {
    "iso2": "om",
    "dial_code": "968",
    "name": "Oman",
    "name_ar": "عمان"
  },
  {
    "iso2": "pk",
    "dial_code": "92",
    "name": "Pakistan",
    "name_ar": "باكستان"
  },
  {
    "iso2": "pw",
    "dial_code": "680",
    "name": "Palau",
    "name_ar": "بالاو"
  },
  {
    "iso2": "pa",
    "dial_code": "507",
    "name": "Panama",
    "name_ar": "بنما"
  },
  {
    "iso2": "pg",
    "dial_code": "675",
    "name": "Papua New Guinea",
    "name_ar": "بابوا غينيا الجديدة"
  },
  {
    "iso2": "py",
    "dial_code": "595",
    "name": "Paraguay",
    "name_ar": "باراغواي"
  },
  {
    "iso2": "pe",
    "dial_code": "51",
    "name": "Peru",
    "name_ar": "بيرو"
  },
  {
    "iso2": "ph",
    "dial_code": "63",
    "name": "Philippines",
    "name_ar": "الفلبين"
  },
  {
    "iso2": "pn",
    "dial_code": "870",
    "name": "Pitcairn",
    "name_ar": "بيتكيرن"
  },
  {
    "iso2": "pl",
    "dial_code": "48",
    "name": "Poland",
    "name_ar": "بولندا"
  },
  {
    "iso2": "pt",
    "dial_code": "351",
    "name": "Portugal",
    "name_ar": "البرتغال"
  },
  {
    "iso2": "pr",
    "dial_code": "1",
    "name": "Puerto Rico",
    "name_ar": "بورتوريكو"
  },
  {
    "iso2": "qa",
    "dial_code": "974",
    "name": "Qatar",
    "name_ar": "قطر"
  },
  {
    "iso2": "ro",
    "dial_code": "40",
    "name": "Romania",
    "name_ar": "رومانيا"
  },
  {
    "iso2": "ru",
    "dial_code": "7",
    "name": "Russian Federation",
    "name_ar": "الاتحاد الروسي"
  },
  {
    "iso2": "rw",
    "dial_code": "250",
    "name": "Rwanda",
    "name_ar": "رواندا"
  },
  {
    "iso2": "bl",
    "dial_code": "590",
    "name": "Saint Barthélemy",
    "name_ar": "سانت بارتيليمي"
  },
  {
    "iso2": "ws",
    "dial_code": "685",
    "name": "Samoa",
    "name_ar": "ساموا"
  },
  {
    "iso2": "sm",
    "dial_code": "378",
    "name": "San Marino",
    "name_ar": "سان مارينو"
  },
  {
    "iso2": "st",
    "dial_code": "239",
    "name": "Sao Tome And Principe",
    "name_ar": "ساو تومي وبرينسيبي"
  },
  {
    "iso2": "sa",
    "dial_code": "966",
    "name": "Saudi Arabia",
    "name_ar": "المملكة العربية السعودية"
  },
  {
    "iso2": "sn",
    "dial_code": "221",
    "name": "Senegal",
    "name_ar": "السنغال"
  },
  {
    "iso2": "rs",
    "dial_code": "381",
    "name": "Serbia",
    "name_ar": "صربيا"
  },
  {
    "iso2": "sc",
    "dial_code": "248",
    "name": "Seychelles",
    "name_ar": "سيشيل"
  },
  {
    "iso2": "sl",
    "dial_code": "232",
    "name": "Sierra Leone",
    "name_ar": "سيراليون"
  },
  {
    "iso2": "sg",
    "dial_code": "65",
    "name": "Singapore",
    "name_ar": "سنغافورة"
  },
  {
    "iso2": "sk",
    "dial_code": "421",
    "name": "Slovakia",
    "name_ar": "سلوفاكيا"
  },
  {
    "iso2": "si",
    "dial_code": "386",
    "name": "Slovenia",
    "name_ar": "سلوفينيا"
  },
  {
    "iso2": "sb",
    "dial_code": "677",
    "name": "Solomon Islands",
    "name_ar": "جزر سليمان"
  },
  {
    "iso2": "so",
    "dial_code": "252",
    "name": "Somalia",
    "name_ar": "الصومال"
  },
  {
    "iso2": "za",
    "dial_code": "27",
    "name": "South Africa",
    "name_ar": "جنوب أفريقيا"
  },
  {
    "iso2": "kr",
    "dial_code": "82",
    "name": "Korea, Republic Of",
    "name_ar": "جمهورية كوريا"
  },
  {
    "iso2": "es",
    "dial_code": "34",
    "name": "Spain",
    "name_ar": "اسبانيا"
  },
  {
    "iso2": "lk",
    "dial_code": "94",
    "name": "Sri Lanka",
    "name_ar": "سريلانكا"
  },
  {
    "iso2": "sh",
    "dial_code": "290",
    "name": "Saint Helena, Ascension And Tristan Da Cunha",
    "name_ar": "سانت هيلانة وأسنسيون وتريستان دا كونها"
  },
  {
    "iso2": "pm",
    "dial_code": "508",
    "name": "Saint Pierre And Miquelon",
    "name_ar": "سان بيار وميكلون"
  },
  {
    "iso2": "sd",
    "dial_code": "249",
    "name": "Sudan",
    "name_ar": "السودان"
  },
  {
    "iso2": "sr",
    "dial_code": "597",
    "name": "Suriname",
    "name_ar": "سورينام"
  },
  {
    "iso2": "sz",
    "dial_code": "268",
    "name": "Swaziland",
    "name_ar": "سوازيلاند"
  },
  {
    "iso2": "se",
    "dial_code": "46",
    "name": "Sweden",
    "name_ar": "السويد"
  },
  {
    "iso2": "ch",
    "dial_code": "41",
    "name": "Switzerland",
    "name_ar": "سويسرا"
  },
  {
    "iso2": "sy",
    "dial_code": "963",
    "name": "Syrian Arab Republic",
    "name_ar": "سوريا"
  },
  {
    "iso2": "tw",
    "dial_code": "886",
    "name": "Taiwan, Province Of China",
    "name_ar": "مقاطعة تايوان الصينية"
  },
  {
    "iso2": "tj",
    "dial_code": "992",
    "name": "Tajikistan",
    "name_ar": "طاجيكستان"
  },
  {
    "iso2": "tz",
    "dial_code": "255",
    "name": "Tanzania, United Republic Of",
    "name_ar": "جمهورية تنزانيا المتحدة"
  },
  {
    "iso2": "th",
    "dial_code": "66",
    "name": "Thailand",
    "name_ar": "تايلاند"
  },
  {
    "iso2": "tg",
    "dial_code": "228",
    "name": "Togo",
    "name_ar": "توغو"
  },
  {
    "iso2": "tk",
    "dial_code": "690",
    "name": "Tokelau",
    "name_ar": "توكيلاو"
  },
  {
    "iso2": "to",
    "dial_code": "676",
    "name": "Tonga",
    "name_ar": "تونغا"
  },
  {
    "iso2": "tn",
    "dial_code": "216",
    "name": "Tunisia",
    "name_ar": "تونس"
  },
  {
    "iso2": "tr",
    "dial_code": "90",
    "name": "Turkey",
    "name_ar": "تركيا"
  },
  {
    "iso2": "tm",
    "dial_code": "993",
    "name": "Turkmenistan",
    "name_ar": "تركمانستان"
  },
  {
    "iso2": "tv",
    "dial_code": "688",
    "name": "Tuvalu",
    "name_ar": "توفالو"
  },
  {
    "iso2": "ae",
    "dial_code": "971",
    "name": "United Arab Emirates",
    "name_ar": "الإمارات العربية المتحدة"
  },
  {
    "iso2": "ug",
    "dial_code": "256",
    "name": "Uganda",
    "name_ar": "أوغندا"
  },
  {
    "iso2": "gb",
    "dial_code": "44",
    "name": "United Kingdom",
    "name_ar": "المملكة المتحدة"
  },
  {
    "iso2": "ua",
    "dial_code": "380",
    "name": "Ukraine",
    "name_ar": "أوكرانيا"
  },
  {
    "iso2": "uy",
    "dial_code": "598",
    "name": "Uruguay",
    "name_ar": "أوروغواي"
  },
  {
    "iso2": "us",
    "dial_code": "1",
    "name": "United States",
    "name_ar": "الولايات المتحدة الأمريكية"
  },
  {
    "iso2": "uz",
    "dial_code": "998",
    "name": "Uzbekistan",
    "name_ar": "أوزبكستان"
  },
  {
    "iso2": "vu",
    "dial_code": "678",
    "name": "Vanuatu",
    "name_ar": "فانواتو"
  },
  {
    "iso2": "va",
    "dial_code": "39",
    "name": "Holy See (vatican City State)",
    "name_ar": "الكرسي الرسولي (دولة الفاتيكان)"
  },
  {
    "iso2": "ve",
    "dial_code": "58",
    "name": "Venezuela, Bolivarian Republic Of",
    "name_ar": "فنزويلا، جمهورية البوليفارية"
  },
  {
    "iso2": "vn",
    "dial_code": "84",
    "name": "Viet Nam",
    "name_ar": "فيتنام"
  },
  {
    "iso2": "wf",
    "dial_code": "681",
    "name": "Wallis And Futuna",
    "name_ar": "واليس وفوتونا"
  },
  {
    "iso2": "ye",
    "dial_code": "967",
    "name": "Yemen",
    "name_ar": "اليمن"
  },
  {
    "iso2": "zm",
    "dial_code": "260",
    "name": "Zambia",
    "name_ar": "زامبيا"
  },
  {
    "iso2": "zw",
    "dial_code": "263",
    "name": "Zimbabwe",
    "name_ar": "زيمبابوي"
  }
]
