[
  {
    "preferred_languages": [
      {
        "native_name": "English",
        "lang_iso": "en",
        "english_name": "English"
      },
      {
        "english_name": "Chinese",
        "native_name": "中文",
        "lang_iso": "zh"
      }
    ],
    "country_iso2": "AU"
  },
  {
    "country_iso2": "AO",
    "preferred_languages": [
      {
        "native_name": "Português",
        "lang_iso": "pt",
        "english_name": "Portuguese"
      },
      {
        "lang_iso": "zh",
        "native_name": "中文",
        "english_name": "Chinese"
      }
    ]
  },
  {
    "country_iso2": "AX",
    "preferred_languages": [
      {
        "lang_iso": "sv",
        "english_name": "Swedish",
        "native_name": "Svenska"
      },
      {
        "lang_iso": "zh",
        "native_name": "中文",
        "english_name": "Chinese"
      }
    ]
  },
  {
    "preferred_languages": [
      {
        "english_name": "English",
        "lang_iso": "en",
        "native_name": "English"
      },
      {
        "native_name": "中文",
        "english_name": "Chinese",
        "lang_iso": "zh"
      }
    ],
    "country_iso2": "AG"
  },
  {
    "preferred_languages": [
      {
        "native_name": "English",
        "lang_iso": "en",
        "english_name": "English"
      },
      {
        "lang_iso": "zh",
        "english_name": "Chinese",
        "native_name": "中文"
      }
    ],
    "country_iso2": "BS"
  },
  {
    "country_iso2": "AQ",
    "preferred_languages": [
      {
        "lang_iso": "en",
        "english_name": "English",
        "native_name": "English"
      },
      {
        "native_name": "中文",
        "lang_iso": "zh",
        "english_name": "Chinese"
      }
    ]
  },
  {
    "country_iso2": "AR",
    "preferred_languages": [
      {
        "lang_iso": "es",
        "english_name": "Spanish",
        "native_name": "Español"
      },
      {
        "lang_iso": "zh",
        "english_name": "Chinese",
        "native_name": "中文"
      }
    ]
  },
  {
    "country_iso2": "AI",
    "preferred_languages": [
      {
        "native_name": "English",
        "lang_iso": "en",
        "english_name": "English"
      },
      {
        "english_name": "Chinese",
        "lang_iso": "zh",
        "native_name": "中文"
      }
    ]
  },
  {
    "country_iso2": "AD",
    "preferred_languages": [
      {
        "english_name": "Arabic",
        "native_name": "العربية",
        "lang_iso": "ar"
      },
      {
        "english_name": "English",
        "native_name": "English",
        "lang_iso": "en"
      }
    ]
  },
  {
    "country_iso2": "AM",
    "preferred_languages": [
      {
        "native_name": "Русский",
        "english_name": "Russian",
        "lang_iso": "ru"
      },
      {
        "native_name": "中文",
        "lang_iso": "zh",
        "english_name": "Chinese"
      }
    ]
  },
  {
    "country_iso2": "DZ",
    "preferred_languages": [
      {
        "lang_iso": "ar",
        "native_name": "العربية",
        "english_name": "Arabic"
      },
      {
        "lang_iso": "fr",
        "english_name": "French",
        "native_name": "Français"
      }
    ]
  },
  {
    "preferred_languages": [
      {
        "native_name": "العربية",
        "english_name": "Arabic",
        "lang_iso": "ar"
      },
      {
        "native_name": "English",
        "lang_iso": "en",
        "english_name": "English"
      }
    ],
    "country_iso2": "BH"
  },
  {
    "preferred_languages": [
      {
        "native_name": "العربية",
        "english_name": "Arabic",
        "lang_iso": "ar"
      },
      {
        "lang_iso": "en",
        "english_name": "English",
        "native_name": "English"
      }
    ],
    "country_iso2": "AL"
  },
  {
    "preferred_languages": [
      {
        "native_name": "العربية",
        "lang_iso": "ar",
        "english_name": "Arabic"
      },
      {
        "lang_iso": "en",
        "english_name": "English",
        "native_name": "English"
      }
    ],
    "country_iso2": "AF"
  },
  {
    "preferred_languages": [
      {
        "native_name": "English",
        "english_name": "English",
        "lang_iso": "en"
      },
      {
        "english_name": "Chinese",
        "native_name": "中文",
        "lang_iso": "zh"
      }
    ],
    "country_iso2": "AS"
  },
  {
    "preferred_languages": [
      {
        "english_name": "Arabic",
        "lang_iso": "ar",
        "native_name": "العربية"
      },
      {
        "native_name": "English",
        "english_name": "English",
        "lang_iso": "en"
      }
    ],
    "country_iso2": "AZ"
  },
  {
    "preferred_languages": [
      {
        "lang_iso": "nl",
        "native_name": "Nederlands",
        "english_name": "Dutch"
      },
      {
        "lang_iso": "zh",
        "english_name": "Chinese",
        "native_name": "中文"
      }
    ],
    "country_iso2": "AW"
  },
  {
    "country_iso2": "BY",
    "preferred_languages": [
      {
        "lang_iso": "ru",
        "english_name": "Russian",
        "native_name": "Русский"
      },
      {
        "lang_iso": "zh",
        "english_name": "Chinese",
        "native_name": "中文"
      }
    ]
  },
  {
    "country_iso2": "BB",
    "preferred_languages": [
      {
        "english_name": "English",
        "native_name": "English",
        "lang_iso": "en"
      },
      {
        "lang_iso": "zh",
        "english_name": "Chinese",
        "native_name": "中文"
      }
    ]
  },
  {
    "preferred_languages": [
      {
        "lang_iso": "bn",
        "english_name": "Bengali",
        "native_name": "বাংলা"
      },
      {
        "lang_iso": "zh",
        "native_name": "中文",
        "english_name": "Chinese"
      }
    ],
    "country_iso2": "BD"
  },
  {
    "preferred_languages": [
      {
        "english_name": "German",
        "lang_iso": "de",
        "native_name": "Deutsche"
      },
      {
        "lang_iso": "zh",
        "english_name": "Chinese",
        "native_name": "中文"
      }
    ],
    "country_iso2": "AT"
  },
  {
    "country_iso2": "BE",
    "preferred_languages": [
      {
        "native_name": "Nederlands",
        "lang_iso": "nl",
        "english_name": "Dutch"
      },
      {
        "english_name": "French",
        "lang_iso": "fr",
        "native_name": "Français"
      }
    ]
  },
  {
    "country_iso2": "BR",
    "preferred_languages": [
      {
        "lang_iso": "pt",
        "native_name": "Português",
        "english_name": "Portuguese"
      },
      {
        "native_name": "中文",
        "lang_iso": "zh",
        "english_name": "Chinese"
      }
    ]
  },
  {
    "preferred_languages": [
      {
        "native_name": "English",
        "english_name": "English",
        "lang_iso": "en"
      },
      {
        "lang_iso": "es",
        "english_name": "Spanish",
        "native_name": "Español"
      }
    ],
    "country_iso2": "BZ"
  },
  {
    "preferred_languages": [
      {
        "native_name": "Français",
        "lang_iso": "fr",
        "english_name": "French"
      },
      {
        "lang_iso": "zh",
        "english_name": "Chinese",
        "native_name": "中文"
      }
    ],
    "country_iso2": "BI"
  },
  {
    "preferred_languages": [
      {
        "lang_iso": "fr",
        "english_name": "French",
        "native_name": "Français"
      },
      {
        "lang_iso": "zh",
        "native_name": "中文",
        "english_name": "Chinese"
      }
    ],
    "country_iso2": "BF"
  },
  {
    "country_iso2": "CM",
    "preferred_languages": [
      {
        "lang_iso": "en",
        "native_name": "English",
        "english_name": "English"
      },
      {
        "native_name": "Français",
        "lang_iso": "fr",
        "english_name": "French"
      }
    ]
  },
  {
    "country_iso2": "BW",
    "preferred_languages": [
      {
        "lang_iso": "en",
        "english_name": "English",
        "native_name": "English"
      },
      {
        "english_name": "Chinese",
        "lang_iso": "zh",
        "native_name": "中文"
      }
    ]
  },
  {
    "preferred_languages": [
      {
        "lang_iso": "sr",
        "english_name": "Serbian",
        "native_name": "Српски"
      },
      {
        "lang_iso": "zh",
        "english_name": "Chinese",
        "native_name": "中文"
      }
    ],
    "country_iso2": "BA"
  },
  {
    "country_iso2": "BM",
    "preferred_languages": [
      {
        "lang_iso": "en",
        "english_name": "English",
        "native_name": "English"
      },
      {
        "english_name": "Chinese",
        "lang_iso": "zh",
        "native_name": "中文"
      }
    ]
  },
  {
    "country_iso2": "BO",
    "preferred_languages": [
      {
        "native_name": "Español",
        "lang_iso": "es",
        "english_name": "Spanish"
      },
      {
        "native_name": "中文",
        "lang_iso": "zh",
        "english_name": "Chinese"
      }
    ]
  },
  {
    "country_iso2": "IO",
    "preferred_languages": [
      {
        "english_name": "English",
        "lang_iso": "en",
        "native_name": "English"
      },
      {
        "english_name": "Chinese",
        "native_name": "中文",
        "lang_iso": "zh"
      }
    ]
  },
  {
    "preferred_languages": [
      {
        "lang_iso": "ar",
        "english_name": "Arabic",
        "native_name": "العربية"
      },
      {
        "lang_iso": "en",
        "english_name": "English",
        "native_name": "English"
      }
    ],
    "country_iso2": "KH"
  },
  {
    "country_iso2": "CV",
    "preferred_languages": [
      {
        "lang_iso": "pt",
        "english_name": "Portuguese",
        "native_name": "Português"
      },
      {
        "native_name": "中文",
        "lang_iso": "zh",
        "english_name": "Chinese"
      }
    ]
  },
  {
    "preferred_languages": [
      {
        "lang_iso": "ar",
        "english_name": "Arabic",
        "native_name": "العربية"
      },
      {
        "english_name": "English",
        "lang_iso": "en",
        "native_name": "English"
      }
    ],
    "country_iso2": "BT"
  },
  {
    "country_iso2": "BG",
    "preferred_languages": [
      {
        "english_name": "Arabic",
        "lang_iso": "ar",
        "native_name": "العربية"
      },
      {
        "lang_iso": "en",
        "english_name": "English",
        "native_name": "English"
      }
    ]
  },
  {
    "preferred_languages": [
      {
        "native_name": "Español",
        "lang_iso": "es",
        "english_name": "Spanish"
      },
      {
        "lang_iso": "zh",
        "english_name": "Chinese",
        "native_name": "中文"
      }
    ],
    "country_iso2": "CL"
  },
  {
    "country_iso2": "BN",
    "preferred_languages": [
      {
        "lang_iso": "en",
        "native_name": "English",
        "english_name": "English"
      },
      {
        "native_name": "中文",
        "lang_iso": "zh",
        "english_name": "Chinese"
      }
    ]
  },
  {
    "preferred_languages": [
      {
        "english_name": "English",
        "native_name": "English",
        "lang_iso": "en"
      },
      {
        "lang_iso": "fr",
        "native_name": "Français",
        "english_name": "French"
      }
    ],
    "country_iso2": "CA"
  },
  {
    "preferred_languages": [
      {
        "lang_iso": "ar",
        "english_name": "Arabic",
        "native_name": "العربية"
      },
      {
        "english_name": "English",
        "native_name": "English",
        "lang_iso": "en"
      }
    ],
    "country_iso2": "HR"
  },
  {
    "country_iso2": "CO",
    "preferred_languages": [
      {
        "english_name": "Spanish",
        "native_name": "Español",
        "lang_iso": "es"
      },
      {
        "english_name": "Chinese",
        "lang_iso": "zh",
        "native_name": "中文"
      }
    ]
  },
  {
    "preferred_languages": [
      {
        "lang_iso": "sv",
        "english_name": "Swedish",
        "native_name": "Svenska"
      },
      {
        "native_name": "中文",
        "lang_iso": "zh",
        "english_name": "Chinese"
      }
    ],
    "country_iso2": "FI"
  },
  {
    "preferred_languages": [
      {
        "native_name": "English",
        "lang_iso": "en",
        "english_name": "English"
      },
      {
        "lang_iso": "zh",
        "native_name": "中文",
        "english_name": "Chinese"
      }
    ],
    "country_iso2": "CK"
  },
  {
    "preferred_languages": [
      {
        "english_name": "English",
        "native_name": "English",
        "lang_iso": "en"
      },
      {
        "native_name": "中文",
        "lang_iso": "zh",
        "english_name": "Chinese"
      }
    ],
    "country_iso2": "DM"
  },
  {
    "preferred_languages": [
      {
        "english_name": "English",
        "native_name": "English",
        "lang_iso": "en"
      },
      {
        "lang_iso": "zh",
        "english_name": "Chinese",
        "native_name": "中文"
      }
    ],
    "country_iso2": "GH"
  },
  {
    "country_iso2": "GA",
    "preferred_languages": [
      {
        "native_name": "Français",
        "english_name": "French",
        "lang_iso": "fr"
      },
      {
        "native_name": "中文",
        "lang_iso": "zh",
        "english_name": "Chinese"
      }
    ]
  },
  {
    "country_iso2": "CR",
    "preferred_languages": [
      {
        "lang_iso": "es",
        "english_name": "Spanish",
        "native_name": "Español"
      },
      {
        "lang_iso": "zh",
        "english_name": "Chinese",
        "native_name": "中文"
      }
    ]
  },
  {
    "preferred_languages": [
      {
        "english_name": "English",
        "native_name": "English",
        "lang_iso": "en"
      },
      {
        "english_name": "Chinese",
        "native_name": "中文",
        "lang_iso": "zh"
      }
    ],
    "country_iso2": "CC"
  },
  {
    "preferred_languages": [
      {
        "lang_iso": "en",
        "english_name": "English",
        "native_name": "English"
      },
      {
        "native_name": "中文",
        "lang_iso": "zh",
        "english_name": "Chinese"
      }
    ],
    "country_iso2": "GD"
  },
  {
    "country_iso2": "PF",
    "preferred_languages": [
      {
        "lang_iso": "fr",
        "english_name": "French",
        "native_name": "Français"
      },
      {
        "lang_iso": "zh",
        "english_name": "Chinese",
        "native_name": "中文"
      }
    ]
  },
  {
    "preferred_languages": [
      {
        "native_name": "العربية",
        "lang_iso": "ar",
        "english_name": "Arabic"
      },
      {
        "native_name": "English",
        "english_name": "English",
        "lang_iso": "en"
      }
    ],
    "country_iso2": "CZ"
  },
  {
    "country_iso2": "BJ",
    "preferred_languages": [
      {
        "english_name": "French",
        "native_name": "Français",
        "lang_iso": "fr"
      },
      {
        "lang_iso": "zh",
        "english_name": "Chinese",
        "native_name": "中文"
      }
    ]
  },
  {
    "preferred_languages": [
      {
        "english_name": "Danish",
        "native_name": "Dansk",
        "lang_iso": "da"
      },
      {
        "lang_iso": "zh",
        "english_name": "Chinese",
        "native_name": "中文"
      }
    ],
    "country_iso2": "DK"
  },
  {
    "country_iso2": "EG",
    "preferred_languages": [
      {
        "english_name": "Arabic",
        "lang_iso": "ar",
        "native_name": "العربية"
      },
      {
        "lang_iso": "en",
        "native_name": "English",
        "english_name": "English"
      }
    ]
  },
  {
    "country_iso2": "CG",
    "preferred_languages": [
      {
        "native_name": "Français",
        "lang_iso": "fr",
        "english_name": "French"
      },
      {
        "lang_iso": "zh",
        "english_name": "Chinese",
        "native_name": "中文"
      }
    ]
  },
  {
    "preferred_languages": [
      {
        "english_name": "French",
        "native_name": "Français",
        "lang_iso": "fr"
      },
      {
        "lang_iso": "zh",
        "english_name": "Chinese",
        "native_name": "中文"
      }
    ],
    "country_iso2": "FR"
  },
  {
    "country_iso2": "CU",
    "preferred_languages": [
      {
        "native_name": "Español",
        "lang_iso": "es",
        "english_name": "Spanish"
      },
      {
        "lang_iso": "zh",
        "native_name": "中文",
        "english_name": "Chinese"
      }
    ]
  },
  {
    "country_iso2": "CX",
    "preferred_languages": [
      {
        "lang_iso": "en",
        "native_name": "English",
        "english_name": "English"
      },
      {
        "lang_iso": "zh",
        "native_name": "中文",
        "english_name": "Chinese"
      }
    ]
  },
  {
    "country_iso2": "HT",
    "preferred_languages": [
      {
        "english_name": "French",
        "native_name": "Français",
        "lang_iso": "fr"
      },
      {
        "english_name": "Chinese",
        "native_name": "中文",
        "lang_iso": "zh"
      }
    ]
  },
  {
    "preferred_languages": [
      {
        "lang_iso": "fr",
        "native_name": "Français",
        "english_name": "French"
      },
      {
        "native_name": "中文",
        "lang_iso": "zh",
        "english_name": "Chinese"
      }
    ],
    "country_iso2": "GN"
  },
  {
    "country_iso2": "GF",
    "preferred_languages": [
      {
        "lang_iso": "fr",
        "english_name": "French",
        "native_name": "Français"
      },
      {
        "native_name": "中文",
        "english_name": "Chinese",
        "lang_iso": "zh"
      }
    ]
  },
  {
    "country_iso2": "GR",
    "preferred_languages": [
      {
        "lang_iso": "ar",
        "native_name": "العربية",
        "english_name": "Arabic"
      },
      {
        "native_name": "English",
        "lang_iso": "en",
        "english_name": "English"
      }
    ]
  },
  {
    "preferred_languages": [
      {
        "native_name": "English",
        "lang_iso": "en",
        "english_name": "English"
      },
      {
        "lang_iso": "hi",
        "native_name": "हिंदी",
        "english_name": "Hindi"
      }
    ],
    "country_iso2": "FJ"
  },
  {
    "country_iso2": "GE",
    "preferred_languages": [
      {
        "lang_iso": "ka",
        "native_name": "ქართული",
        "english_name": "Georgian"
      },
      {
        "english_name": "Chinese",
        "native_name": "中文",
        "lang_iso": "zh"
      }
    ]
  },
  {
    "preferred_languages": [
      {
        "english_name": "French",
        "native_name": "Français",
        "lang_iso": "fr"
      },
      {
        "english_name": "Chinese",
        "native_name": "中文",
        "lang_iso": "zh"
      }
    ],
    "country_iso2": "CD"
  },
  {
    "country_iso2": "GT",
    "preferred_languages": [
      {
        "english_name": "Spanish",
        "lang_iso": "es",
        "native_name": "Español"
      },
      {
        "english_name": "Chinese",
        "lang_iso": "zh",
        "native_name": "中文"
      }
    ]
  },
  {
    "country_iso2": "SV",
    "preferred_languages": [
      {
        "native_name": "Español",
        "lang_iso": "es",
        "english_name": "Spanish"
      },
      {
        "native_name": "中文",
        "lang_iso": "zh",
        "english_name": "Chinese"
      }
    ]
  },
  {
    "preferred_languages": [
      {
        "lang_iso": "fr",
        "native_name": "Français",
        "english_name": "French"
      },
      {
        "lang_iso": "ar",
        "english_name": "Arabic",
        "native_name": "العربية"
      }
    ],
    "country_iso2": "DJ"
  },
  {
    "country_iso2": "ER",
    "preferred_languages": [
      {
        "lang_iso": "ar",
        "english_name": "Arabic",
        "native_name": "العربية"
      },
      {
        "english_name": "English",
        "lang_iso": "en",
        "native_name": "English"
      }
    ]
  },
  {
    "country_iso2": "GU",
    "preferred_languages": [
      {
        "native_name": "English",
        "english_name": "English",
        "lang_iso": "en"
      },
      {
        "lang_iso": "es",
        "english_name": "Spanish",
        "native_name": "Español"
      }
    ]
  },
  {
    "preferred_languages": [
      {
        "lang_iso": "ar",
        "english_name": "Arabic",
        "native_name": "العربية"
      },
      {
        "lang_iso": "fr",
        "english_name": "French",
        "native_name": "Français"
      }
    ],
    "country_iso2": "KM"
  },
  {
    "preferred_languages": [
      {
        "native_name": "Português",
        "lang_iso": "pt",
        "english_name": "Portuguese"
      },
      {
        "lang_iso": "zh",
        "native_name": "中文",
        "english_name": "Chinese"
      }
    ],
    "country_iso2": "GW"
  },
  {
    "country_iso2": "DE",
    "preferred_languages": [
      {
        "english_name": "German",
        "lang_iso": "de",
        "native_name": "Deutsche"
      },
      {
        "native_name": "中文",
        "english_name": "Chinese",
        "lang_iso": "zh"
      }
    ]
  },
  {
    "country_iso2": "CY",
    "preferred_languages": [
      {
        "native_name": "Türk",
        "lang_iso": "tr",
        "english_name": "Turkish"
      },
      {
        "lang_iso": "zh",
        "english_name": "Chinese",
        "native_name": "中文"
      }
    ]
  },
  {
    "preferred_languages": [
      {
        "lang_iso": "en",
        "english_name": "English",
        "native_name": "English"
      },
      {
        "lang_iso": "zh",
        "english_name": "Chinese",
        "native_name": "中文"
      }
    ],
    "country_iso2": "KY"
  },
  {
    "country_iso2": "GP",
    "preferred_languages": [
      {
        "native_name": "Français",
        "lang_iso": "fr",
        "english_name": "French"
      },
      {
        "native_name": "中文",
        "lang_iso": "zh",
        "english_name": "Chinese"
      }
    ]
  },
  {
    "preferred_languages": [
      {
        "lang_iso": "es",
        "english_name": "Spanish",
        "native_name": "Español"
      },
      {
        "english_name": "French",
        "lang_iso": "fr",
        "native_name": "Français"
      }
    ],
    "country_iso2": "GQ"
  },
  {
    "country_iso2": "CN",
    "preferred_languages": [
      {
        "lang_iso": "zh",
        "english_name": "Chinese",
        "native_name": "中文"
      },
      {
        "lang_iso": "zh",
        "english_name": "Chinese",
        "native_name": "中文"
      }
    ]
  },
  {
    "preferred_languages": [
      {
        "lang_iso": "es",
        "native_name": "Español",
        "english_name": "Spanish"
      },
      {
        "lang_iso": "zh",
        "native_name": "中文",
        "english_name": "Chinese"
      }
    ],
    "country_iso2": "DO"
  },
  {
    "preferred_languages": [
      {
        "english_name": "French",
        "lang_iso": "fr",
        "native_name": "Français"
      },
      {
        "native_name": "العربية",
        "lang_iso": "ar",
        "english_name": "Arabic"
      }
    ],
    "country_iso2": "TD"
  },
  {
    "country_iso2": "GI",
    "preferred_languages": [
      {
        "english_name": "English",
        "native_name": "English",
        "lang_iso": "en"
      },
      {
        "lang_iso": "zh",
        "native_name": "中文",
        "english_name": "Chinese"
      }
    ]
  },
  {
    "country_iso2": "GY",
    "preferred_languages": [
      {
        "english_name": "English",
        "lang_iso": "en",
        "native_name": "English"
      },
      {
        "native_name": "中文",
        "lang_iso": "zh",
        "english_name": "Chinese"
      }
    ]
  },
  {
    "country_iso2": "EC",
    "preferred_languages": [
      {
        "native_name": "Español",
        "lang_iso": "es",
        "english_name": "Spanish"
      },
      {
        "lang_iso": "zh",
        "english_name": "Chinese",
        "native_name": "中文"
      }
    ]
  },
  {
    "preferred_languages": [
      {
        "lang_iso": "ar",
        "english_name": "Arabic",
        "native_name": "العربية"
      },
      {
        "english_name": "English",
        "native_name": "English",
        "lang_iso": "en"
      }
    ],
    "country_iso2": "GL"
  },
  {
    "country_iso2": "GG",
    "preferred_languages": [
      {
        "english_name": "English",
        "native_name": "English",
        "lang_iso": "en"
      },
      {
        "native_name": "Français",
        "english_name": "French",
        "lang_iso": "fr"
      }
    ]
  },
  {
    "country_iso2": "FK",
    "preferred_languages": [
      {
        "english_name": "English",
        "native_name": "English",
        "lang_iso": "en"
      },
      {
        "native_name": "中文",
        "english_name": "Chinese",
        "lang_iso": "zh"
      }
    ]
  },
  {
    "country_iso2": "GM",
    "preferred_languages": [
      {
        "native_name": "English",
        "lang_iso": "en",
        "english_name": "English"
      },
      {
        "native_name": "中文",
        "english_name": "Chinese",
        "lang_iso": "zh"
      }
    ]
  },
  {
    "preferred_languages": [
      {
        "native_name": "العربية",
        "lang_iso": "ar",
        "english_name": "Arabic"
      },
      {
        "lang_iso": "en",
        "native_name": "English",
        "english_name": "English"
      }
    ],
    "country_iso2": "FO"
  },
  {
    "country_iso2": "EE",
    "preferred_languages": [
      {
        "english_name": "Arabic",
        "native_name": "العربية",
        "lang_iso": "ar"
      },
      {
        "english_name": "English",
        "lang_iso": "en",
        "native_name": "English"
      }
    ]
  },
  {
    "country_iso2": "ET",
    "preferred_languages": [
      {
        "native_name": "العربية",
        "lang_iso": "ar",
        "english_name": "Arabic"
      },
      {
        "english_name": "English",
        "native_name": "English",
        "lang_iso": "en"
      }
    ]
  },
  {
    "country_iso2": "MR",
    "preferred_languages": [
      {
        "native_name": "العربية",
        "lang_iso": "ar",
        "english_name": "Arabic"
      },
      {
        "lang_iso": "fr",
        "english_name": "French",
        "native_name": "Français"
      }
    ]
  },
  {
    "country_iso2": "CI",
    "preferred_languages": [
      {
        "english_name": "French",
        "lang_iso": "fr",
        "native_name": "Français"
      },
      {
        "lang_iso": "zh",
        "native_name": "中文",
        "english_name": "Chinese"
      }
    ]
  },
  {
    "preferred_languages": [
      {
        "lang_iso": "ar",
        "english_name": "Arabic",
        "native_name": "العربية"
      },
      {
        "english_name": "English",
        "native_name": "English",
        "lang_iso": "en"
      }
    ],
    "country_iso2": "OM"
  },
  {
    "preferred_languages": [
      {
        "english_name": "English",
        "native_name": "English",
        "lang_iso": "en"
      },
      {
        "english_name": "Chinese",
        "lang_iso": "zh",
        "native_name": "中文"
      }
    ],
    "country_iso2": "TO"
  },
  {
    "preferred_languages": [
      {
        "english_name": "French",
        "lang_iso": "fr",
        "native_name": "Français"
      },
      {
        "lang_iso": "zh",
        "english_name": "Chinese",
        "native_name": "中文"
      }
    ],
    "country_iso2": "CF"
  },
  {
    "preferred_languages": [
      {
        "english_name": "French",
        "native_name": "Français",
        "lang_iso": "fr"
      },
      {
        "lang_iso": "zh",
        "english_name": "Chinese",
        "native_name": "中文"
      }
    ],
    "country_iso2": "SN"
  },
  {
    "country_iso2": "NU",
    "preferred_languages": [
      {
        "native_name": "English",
        "lang_iso": "en",
        "english_name": "English"
      },
      {
        "native_name": "中文",
        "lang_iso": "zh",
        "english_name": "Chinese"
      }
    ]
  },
  {
    "preferred_languages": [
      {
        "native_name": "العربية",
        "english_name": "Arabic",
        "lang_iso": "ar"
      },
      {
        "lang_iso": "en",
        "native_name": "English",
        "english_name": "English"
      }
    ],
    "country_iso2": "LY"
  },
  {
    "country_iso2": "VC",
    "preferred_languages": [
      {
        "lang_iso": "en",
        "english_name": "English",
        "native_name": "English"
      },
      {
        "english_name": "Chinese",
        "lang_iso": "zh",
        "native_name": "中文"
      }
    ]
  },
  {
    "country_iso2": "LU",
    "preferred_languages": [
      {
        "english_name": "French",
        "native_name": "Français",
        "lang_iso": "fr"
      },
      {
        "english_name": "German",
        "native_name": "Deutsche",
        "lang_iso": "de"
      }
    ]
  },
  {
    "country_iso2": "HK",
    "preferred_languages": [
      {
        "lang_iso": "en",
        "english_name": "English",
        "native_name": "English"
      },
      {
        "english_name": "Chinese",
        "lang_iso": "zh",
        "native_name": "中文"
      }
    ]
  },
  {
    "preferred_languages": [
      {
        "english_name": "Spanish",
        "native_name": "Español",
        "lang_iso": "es"
      },
      {
        "lang_iso": "zh",
        "english_name": "Chinese",
        "native_name": "中文"
      }
    ],
    "country_iso2": "PY"
  },
  {
    "preferred_languages": [
      {
        "native_name": "العربية",
        "lang_iso": "ar",
        "english_name": "Arabic"
      },
      {
        "lang_iso": "en",
        "english_name": "English",
        "native_name": "English"
      }
    ],
    "country_iso2": "IS"
  },
  {
    "preferred_languages": [
      {
        "english_name": "Arabic",
        "native_name": "العربية",
        "lang_iso": "ar"
      },
      {
        "english_name": "Chinese",
        "native_name": "中文",
        "lang_iso": "zh"
      }
    ],
    "country_iso2": "SO"
  },
  {
    "country_iso2": "HN",
    "preferred_languages": [
      {
        "lang_iso": "es",
        "english_name": "Spanish",
        "native_name": "Español"
      },
      {
        "english_name": "Chinese",
        "lang_iso": "zh",
        "native_name": "中文"
      }
    ]
  },
  {
    "country_iso2": "HU",
    "preferred_languages": [
      {
        "english_name": "Arabic",
        "native_name": "العربية",
        "lang_iso": "ar"
      },
      {
        "native_name": "English",
        "lang_iso": "en",
        "english_name": "English"
      }
    ]
  },
  {
    "country_iso2": "ID",
    "preferred_languages": [
      {
        "lang_iso": "id",
        "native_name": "Bahasa Indonesia",
        "english_name": "Indonesian"
      },
      {
        "native_name": "中文",
        "lang_iso": "zh",
        "english_name": "Chinese"
      }
    ]
  },
  {
    "preferred_languages": [
      {
        "lang_iso": "fr",
        "english_name": "French",
        "native_name": "Français"
      },
      {
        "english_name": "Chinese",
        "native_name": "中文",
        "lang_iso": "zh"
      }
    ],
    "country_iso2": "RE"
  },
  {
    "country_iso2": "MZ",
    "preferred_languages": [
      {
        "english_name": "Portuguese",
        "native_name": "Português",
        "lang_iso": "pt"
      },
      {
        "english_name": "Chinese",
        "native_name": "中文",
        "lang_iso": "zh"
      }
    ]
  },
  {
    "preferred_languages": [
      {
        "lang_iso": "sr",
        "english_name": "Serbian",
        "native_name": "Српски"
      },
      {
        "native_name": "中文",
        "english_name": "Chinese",
        "lang_iso": "zh"
      }
    ],
    "country_iso2": "ME"
  },
  {
    "country_iso2": "PK",
    "preferred_languages": [
      {
        "lang_iso": "en",
        "native_name": "English",
        "english_name": "English"
      },
      {
        "english_name": "Chinese",
        "native_name": "中文",
        "lang_iso": "zh"
      }
    ]
  },
  {
    "country_iso2": "TN",
    "preferred_languages": [
      {
        "lang_iso": "ar",
        "english_name": "Arabic",
        "native_name": "العربية"
      },
      {
        "english_name": "French",
        "native_name": "Français",
        "lang_iso": "fr"
      }
    ]
  },
  {
    "preferred_languages": [
      {
        "english_name": "English",
        "lang_iso": "en",
        "native_name": "English"
      },
      {
        "lang_iso": "zh",
        "english_name": "Chinese",
        "native_name": "中文"
      }
    ],
    "country_iso2": "TT"
  },
  {
    "preferred_languages": [
      {
        "native_name": "English",
        "lang_iso": "en",
        "english_name": "English"
      },
      {
        "english_name": "Chinese",
        "native_name": "中文",
        "lang_iso": "zh"
      }
    ],
    "country_iso2": "TZ"
  },
  {
    "country_iso2": "PM",
    "preferred_languages": [
      {
        "lang_iso": "fr",
        "native_name": "Français",
        "english_name": "French"
      },
      {
        "english_name": "Chinese",
        "lang_iso": "zh",
        "native_name": "中文"
      }
    ]
  },
  {
    "preferred_languages": [
      {
        "native_name": "English",
        "lang_iso": "en",
        "english_name": "English"
      },
      {
        "english_name": "Chinese",
        "lang_iso": "zh",
        "native_name": "中文"
      }
    ],
    "country_iso2": "WS"
  },
  {
    "country_iso2": "NO",
    "preferred_languages": [
      {
        "native_name": "Norsk",
        "lang_iso": "no",
        "english_name": "Norwegian"
      },
      {
        "native_name": "中文",
        "english_name": "Chinese",
        "lang_iso": "zh"
      }
    ]
  },
  {
    "preferred_languages": [
      {
        "lang_iso": "ar",
        "english_name": "Arabic",
        "native_name": "العربية"
      },
      {
        "native_name": "English",
        "english_name": "English",
        "lang_iso": "en"
      }
    ],
    "country_iso2": "IR"
  },
  {
    "country_iso2": "VA",
    "preferred_languages": [
      {
        "english_name": "Italian",
        "native_name": "Italiano",
        "lang_iso": "it"
      },
      {
        "lang_iso": "fr",
        "english_name": "French",
        "native_name": "Français"
      }
    ]
  },
  {
    "preferred_languages": [
      {
        "native_name": "English",
        "lang_iso": "en",
        "english_name": "English"
      },
      {
        "native_name": "中文",
        "english_name": "Chinese",
        "lang_iso": "zh"
      }
    ],
    "country_iso2": "KI"
  },
  {
    "country_iso2": "PA",
    "preferred_languages": [
      {
        "english_name": "Spanish",
        "lang_iso": "es",
        "native_name": "Español"
      },
      {
        "native_name": "中文",
        "lang_iso": "zh",
        "english_name": "Chinese"
      }
    ]
  },
  {
    "country_iso2": "KR",
    "preferred_languages": [
      {
        "native_name": "한국어",
        "lang_iso": "ko",
        "english_name": "Korean"
      },
      {
        "lang_iso": "zh",
        "english_name": "Chinese",
        "native_name": "中文"
      }
    ]
  },
  {
    "country_iso2": "IL",
    "preferred_languages": [
      {
        "native_name": "العربية",
        "lang_iso": "ar",
        "english_name": "Arabic"
      },
      {
        "lang_iso": "zh",
        "english_name": "Chinese",
        "native_name": "中文"
      }
    ]
  },
  {
    "country_iso2": "JO",
    "preferred_languages": [
      {
        "lang_iso": "ar",
        "english_name": "Arabic",
        "native_name": "العربية"
      },
      {
        "lang_iso": "en",
        "english_name": "English",
        "native_name": "English"
      }
    ]
  },
  {
    "country_iso2": "KG",
    "preferred_languages": [
      {
        "english_name": "Russian",
        "native_name": "Русский",
        "lang_iso": "ru"
      },
      {
        "english_name": "Chinese",
        "native_name": "中文",
        "lang_iso": "zh"
      }
    ]
  },
  {
    "preferred_languages": [
      {
        "english_name": "Japanese",
        "lang_iso": "ja",
        "native_name": "日本語"
      },
      {
        "lang_iso": "zh",
        "native_name": "中文",
        "english_name": "Chinese"
      }
    ],
    "country_iso2": "JP"
  },
  {
    "country_iso2": "LA",
    "preferred_languages": [
      {
        "native_name": "العربية",
        "lang_iso": "ar",
        "english_name": "Arabic"
      },
      {
        "english_name": "English",
        "native_name": "English",
        "lang_iso": "en"
      }
    ]
  },
  {
    "country_iso2": "KZ",
    "preferred_languages": [
      {
        "native_name": "Русский",
        "lang_iso": "ru",
        "english_name": "Russian"
      },
      {
        "lang_iso": "zh",
        "native_name": "中文",
        "english_name": "Chinese"
      }
    ]
  },
  {
    "preferred_languages": [
      {
        "native_name": "العربية",
        "lang_iso": "ar",
        "english_name": "Arabic"
      },
      {
        "native_name": "English",
        "english_name": "English",
        "lang_iso": "en"
      }
    ],
    "country_iso2": "KW"
  },
  {
    "country_iso2": "IN",
    "preferred_languages": [
      {
        "native_name": "हिंदी",
        "english_name": "Hindi",
        "lang_iso": "hi"
      },
      {
        "lang_iso": "en",
        "native_name": "English",
        "english_name": "English"
      }
    ]
  },
  {
    "country_iso2": "IT",
    "preferred_languages": [
      {
        "native_name": "Italiano",
        "english_name": "Italian",
        "lang_iso": "it"
      },
      {
        "lang_iso": "zh",
        "english_name": "Chinese",
        "native_name": "中文"
      }
    ]
  },
  {
    "preferred_languages": [
      {
        "native_name": "English",
        "english_name": "English",
        "lang_iso": "en"
      },
      {
        "lang_iso": "zh",
        "native_name": "中文",
        "english_name": "Chinese"
      }
    ],
    "country_iso2": "IM"
  },
  {
    "country_iso2": "IE",
    "preferred_languages": [
      {
        "lang_iso": "en",
        "english_name": "English",
        "native_name": "English"
      },
      {
        "lang_iso": "zh",
        "english_name": "Chinese",
        "native_name": "中文"
      }
    ]
  },
  {
    "preferred_languages": [
      {
        "lang_iso": "ar",
        "native_name": "العربية",
        "english_name": "Arabic"
      },
      {
        "native_name": "English",
        "english_name": "English",
        "lang_iso": "en"
      }
    ],
    "country_iso2": "LV"
  },
  {
    "preferred_languages": [
      {
        "lang_iso": "ko",
        "english_name": "Korean",
        "native_name": "한국어"
      },
      {
        "native_name": "中文",
        "english_name": "Chinese",
        "lang_iso": "zh"
      }
    ],
    "country_iso2": "KP"
  },
  {
    "country_iso2": "JM",
    "preferred_languages": [
      {
        "native_name": "English",
        "lang_iso": "en",
        "english_name": "English"
      },
      {
        "native_name": "中文",
        "lang_iso": "zh",
        "english_name": "Chinese"
      }
    ]
  },
  {
    "preferred_languages": [
      {
        "native_name": "English",
        "lang_iso": "en",
        "english_name": "English"
      },
      {
        "english_name": "French",
        "native_name": "Français",
        "lang_iso": "fr"
      }
    ],
    "country_iso2": "JE"
  },
  {
    "country_iso2": "LB",
    "preferred_languages": [
      {
        "native_name": "العربية",
        "english_name": "Arabic",
        "lang_iso": "ar"
      },
      {
        "lang_iso": "fr",
        "native_name": "Français",
        "english_name": "French"
      }
    ]
  },
  {
    "preferred_languages": [
      {
        "native_name": "English",
        "lang_iso": "en",
        "english_name": "English"
      },
      {
        "english_name": "Chinese",
        "native_name": "中文",
        "lang_iso": "zh"
      }
    ],
    "country_iso2": "KE"
  },
  {
    "country_iso2": "MG",
    "preferred_languages": [
      {
        "english_name": "French",
        "lang_iso": "fr",
        "native_name": "Français"
      },
      {
        "native_name": "中文",
        "english_name": "Chinese",
        "lang_iso": "zh"
      }
    ]
  },
  {
    "country_iso2": "YT",
    "preferred_languages": [
      {
        "lang_iso": "fr",
        "english_name": "French",
        "native_name": "Français"
      },
      {
        "lang_iso": "zh",
        "english_name": "Chinese",
        "native_name": "中文"
      }
    ]
  },
  {
    "country_iso2": "MO",
    "preferred_languages": [
      {
        "english_name": "Chinese",
        "native_name": "中文",
        "lang_iso": "zh"
      },
      {
        "native_name": "Português",
        "lang_iso": "pt",
        "english_name": "Portuguese"
      }
    ]
  },
  {
    "country_iso2": "IQ",
    "preferred_languages": [
      {
        "english_name": "Arabic",
        "lang_iso": "ar",
        "native_name": "العربية"
      },
      {
        "native_name": "English",
        "lang_iso": "en",
        "english_name": "English"
      }
    ]
  },
  {
    "preferred_languages": [
      {
        "lang_iso": "es",
        "english_name": "Spanish",
        "native_name": "Español"
      },
      {
        "english_name": "Chinese",
        "lang_iso": "zh",
        "native_name": "中文"
      }
    ],
    "country_iso2": "MX"
  },
  {
    "country_iso2": "MV",
    "preferred_languages": [
      {
        "native_name": "العربية",
        "english_name": "Arabic",
        "lang_iso": "ar"
      },
      {
        "lang_iso": "en",
        "english_name": "English",
        "native_name": "English"
      }
    ]
  },
  {
    "preferred_languages": [
      {
        "english_name": "English",
        "native_name": "English",
        "lang_iso": "en"
      },
      {
        "lang_iso": "zh",
        "english_name": "Chinese",
        "native_name": "中文"
      }
    ],
    "country_iso2": "PW"
  },
  {
    "preferred_languages": [
      {
        "english_name": "English",
        "lang_iso": "en",
        "native_name": "English"
      },
      {
        "lang_iso": "zh",
        "english_name": "Chinese",
        "native_name": "中文"
      }
    ],
    "country_iso2": "LS"
  },
  {
    "country_iso2": "MW",
    "preferred_languages": [
      {
        "english_name": "English",
        "lang_iso": "en",
        "native_name": "English"
      },
      {
        "native_name": "中文",
        "lang_iso": "zh",
        "english_name": "Chinese"
      }
    ]
  },
  {
    "country_iso2": "NP",
    "preferred_languages": [
      {
        "english_name": "Nepali",
        "native_name": "नेपाली",
        "lang_iso": "ne"
      },
      {
        "native_name": "中文",
        "lang_iso": "zh",
        "english_name": "Chinese"
      }
    ]
  },
  {
    "country_iso2": "MP",
    "preferred_languages": [
      {
        "native_name": "English",
        "lang_iso": "en",
        "english_name": "English"
      },
      {
        "lang_iso": "zh",
        "native_name": "中文",
        "english_name": "Chinese"
      }
    ]
  },
  {
    "country_iso2": "NC",
    "preferred_languages": [
      {
        "lang_iso": "fr",
        "english_name": "French",
        "native_name": "Français"
      },
      {
        "lang_iso": "zh",
        "native_name": "中文",
        "english_name": "Chinese"
      }
    ]
  },
  {
    "preferred_languages": [
      {
        "native_name": "Nederlands",
        "english_name": "Dutch",
        "lang_iso": "nl"
      },
      {
        "native_name": "中文",
        "english_name": "Chinese",
        "lang_iso": "zh"
      }
    ],
    "country_iso2": "SR"
  },
  {
    "country_iso2": "PH",
    "preferred_languages": [
      {
        "native_name": "English",
        "english_name": "English",
        "lang_iso": "en"
      },
      {
        "english_name": "Chinese",
        "lang_iso": "zh",
        "native_name": "中文"
      }
    ]
  },
  {
    "country_iso2": "LI",
    "preferred_languages": [
      {
        "native_name": "Deutsche",
        "lang_iso": "de",
        "english_name": "German"
      },
      {
        "native_name": "中文",
        "english_name": "Chinese",
        "lang_iso": "zh"
      }
    ]
  },
  {
    "country_iso2": "LT",
    "preferred_languages": [
      {
        "english_name": "Arabic",
        "native_name": "العربية",
        "lang_iso": "ar"
      },
      {
        "native_name": "English",
        "english_name": "English",
        "lang_iso": "en"
      }
    ]
  },
  {
    "preferred_languages": [
      {
        "native_name": "العربية",
        "english_name": "Arabic",
        "lang_iso": "ar"
      },
      {
        "english_name": "French",
        "native_name": "Français",
        "lang_iso": "fr"
      }
    ],
    "country_iso2": "MA"
  },
  {
    "preferred_languages": [
      {
        "native_name": "Français",
        "lang_iso": "fr",
        "english_name": "French"
      },
      {
        "english_name": "Chinese",
        "native_name": "中文",
        "lang_iso": "zh"
      }
    ],
    "country_iso2": "ML"
  },
  {
    "country_iso2": "BL",
    "preferred_languages": [
      {
        "lang_iso": "fr",
        "native_name": "Français",
        "english_name": "French"
      },
      {
        "english_name": "Chinese",
        "lang_iso": "zh",
        "native_name": "中文"
      }
    ]
  },
  {
    "country_iso2": "MM",
    "preferred_languages": [
      {
        "lang_iso": "ar",
        "native_name": "العربية",
        "english_name": "Arabic"
      },
      {
        "lang_iso": "en",
        "english_name": "English",
        "native_name": "English"
      }
    ]
  },
  {
    "preferred_languages": [
      {
        "english_name": "English",
        "native_name": "English",
        "lang_iso": "en"
      },
      {
        "native_name": "中文",
        "lang_iso": "zh",
        "english_name": "Chinese"
      }
    ],
    "country_iso2": "LR"
  },
  {
    "country_iso2": "MD",
    "preferred_languages": [
      {
        "english_name": "Romanian",
        "lang_iso": "ro",
        "native_name": "Română"
      },
      {
        "lang_iso": "zh",
        "native_name": "中文",
        "english_name": "Chinese"
      }
    ]
  },
  {
    "preferred_languages": [
      {
        "native_name": "Español",
        "english_name": "Spanish",
        "lang_iso": "es"
      },
      {
        "native_name": "中文",
        "lang_iso": "zh",
        "english_name": "Chinese"
      }
    ],
    "country_iso2": "PE"
  },
  {
    "preferred_languages": [
      {
        "native_name": "English",
        "lang_iso": "en",
        "english_name": "English"
      },
      {
        "lang_iso": "af",
        "english_name": "Afrikaans",
        "native_name": "Afrikaans"
      }
    ],
    "country_iso2": "NA"
  },
  {
    "country_iso2": "MT",
    "preferred_languages": [
      {
        "lang_iso": "en",
        "native_name": "English",
        "english_name": "English"
      },
      {
        "lang_iso": "zh",
        "english_name": "Chinese",
        "native_name": "中文"
      }
    ]
  },
  {
    "preferred_languages": [
      {
        "lang_iso": "en",
        "english_name": "English",
        "native_name": "English"
      },
      {
        "native_name": "中文",
        "lang_iso": "zh",
        "english_name": "Chinese"
      }
    ],
    "country_iso2": "MS"
  },
  {
    "preferred_languages": [
      {
        "english_name": "French",
        "native_name": "Français",
        "lang_iso": "fr"
      },
      {
        "english_name": "Chinese",
        "native_name": "中文",
        "lang_iso": "zh"
      }
    ],
    "country_iso2": "NE"
  },
  {
    "preferred_languages": [
      {
        "english_name": "English",
        "lang_iso": "en",
        "native_name": "English"
      },
      {
        "english_name": "Chinese",
        "lang_iso": "zh",
        "native_name": "中文"
      }
    ],
    "country_iso2": "MH"
  },
  {
    "country_iso2": "UA",
    "preferred_languages": [
      {
        "native_name": "Український",
        "lang_iso": "uk",
        "english_name": "Ukrainian"
      },
      {
        "lang_iso": "zh",
        "native_name": "中文",
        "english_name": "Chinese"
      }
    ]
  },
  {
    "country_iso2": "MQ",
    "preferred_languages": [
      {
        "lang_iso": "fr",
        "english_name": "French",
        "native_name": "Français"
      },
      {
        "english_name": "Chinese",
        "native_name": "中文",
        "lang_iso": "zh"
      }
    ]
  },
  {
    "country_iso2": "AN",
    "preferred_languages": [
      {
        "native_name": "العربية",
        "lang_iso": "ar",
        "english_name": "Arabic"
      },
      {
        "english_name": "English",
        "lang_iso": "en",
        "native_name": "English"
      }
    ]
  },
  {
    "preferred_languages": [
      {
        "lang_iso": "nl",
        "native_name": "Nederlands",
        "english_name": "Dutch"
      },
      {
        "english_name": "Chinese",
        "native_name": "中文",
        "lang_iso": "zh"
      }
    ],
    "country_iso2": "NL"
  },
  {
    "country_iso2": "RU",
    "preferred_languages": [
      {
        "english_name": "Russian",
        "native_name": "Русский",
        "lang_iso": "ru"
      },
      {
        "lang_iso": "zh",
        "native_name": "中文",
        "english_name": "Chinese"
      }
    ]
  },
  {
    "preferred_languages": [
      {
        "lang_iso": "en",
        "native_name": "English",
        "english_name": "English"
      },
      {
        "lang_iso": "zh",
        "english_name": "Chinese",
        "native_name": "中文"
      }
    ],
    "country_iso2": "NZ"
  },
  {
    "country_iso2": "SG",
    "preferred_languages": [
      {
        "english_name": "English",
        "lang_iso": "en",
        "native_name": "English"
      },
      {
        "lang_iso": "zh",
        "native_name": "中文",
        "english_name": "Chinese"
      }
    ]
  },
  {
    "country_iso2": "MF",
    "preferred_languages": [
      {
        "english_name": "English",
        "native_name": "English",
        "lang_iso": "en"
      },
      {
        "english_name": "French",
        "native_name": "Français",
        "lang_iso": "fr"
      }
    ]
  },
  {
    "country_iso2": "MY",
    "preferred_languages": [
      {
        "native_name": "English",
        "lang_iso": "en",
        "english_name": "English"
      },
      {
        "lang_iso": "zh",
        "english_name": "Chinese",
        "native_name": "中文"
      }
    ]
  },
  {
    "country_iso2": "TH",
    "preferred_languages": [
      {
        "lang_iso": "ar",
        "english_name": "Arabic",
        "native_name": "العربية"
      },
      {
        "native_name": "English",
        "lang_iso": "en",
        "english_name": "English"
      }
    ]
  },
  {
    "preferred_languages": [
      {
        "native_name": "English",
        "lang_iso": "en",
        "english_name": "English"
      },
      {
        "native_name": "中文",
        "lang_iso": "zh",
        "english_name": "Chinese"
      }
    ],
    "country_iso2": "NR"
  },
  {
    "preferred_languages": [
      {
        "native_name": "العربية",
        "english_name": "Arabic",
        "lang_iso": "ar"
      },
      {
        "english_name": "English",
        "native_name": "English",
        "lang_iso": "en"
      }
    ],
    "country_iso2": "SA"
  },
  {
    "preferred_languages": [
      {
        "lang_iso": "es",
        "native_name": "Español",
        "english_name": "Spanish"
      },
      {
        "native_name": "中文",
        "lang_iso": "zh",
        "english_name": "Chinese"
      }
    ],
    "country_iso2": "NI"
  },
  {
    "preferred_languages": [
      {
        "native_name": "English",
        "english_name": "English",
        "lang_iso": "en"
      },
      {
        "english_name": "Chinese",
        "lang_iso": "zh",
        "native_name": "中文"
      }
    ],
    "country_iso2": "GB"
  },
  {
    "country_iso2": "MN",
    "preferred_languages": [
      {
        "native_name": "العربية",
        "english_name": "Arabic",
        "lang_iso": "ar"
      },
      {
        "english_name": "English",
        "lang_iso": "en",
        "native_name": "English"
      }
    ]
  },
  {
    "country_iso2": "LC",
    "preferred_languages": [
      {
        "lang_iso": "en",
        "english_name": "English",
        "native_name": "English"
      },
      {
        "english_name": "Chinese",
        "lang_iso": "zh",
        "native_name": "中文"
      }
    ]
  },
  {
    "preferred_languages": [
      {
        "native_name": "English",
        "lang_iso": "en",
        "english_name": "English"
      },
      {
        "english_name": "Chinese",
        "native_name": "中文",
        "lang_iso": "zh"
      }
    ],
    "country_iso2": "SH"
  },
  {
    "preferred_languages": [
      {
        "lang_iso": "es",
        "english_name": "Spanish",
        "native_name": "Español"
      },
      {
        "english_name": "Chinese",
        "native_name": "中文",
        "lang_iso": "zh"
      }
    ],
    "country_iso2": "ES"
  },
  {
    "preferred_languages": [
      {
        "native_name": "العربية",
        "english_name": "Arabic",
        "lang_iso": "ar"
      },
      {
        "native_name": "English",
        "lang_iso": "en",
        "english_name": "English"
      }
    ],
    "country_iso2": "PS"
  },
  {
    "country_iso2": "FM",
    "preferred_languages": [
      {
        "lang_iso": "en",
        "english_name": "English",
        "native_name": "English"
      },
      {
        "lang_iso": "zh",
        "english_name": "Chinese",
        "native_name": "中文"
      }
    ]
  },
  {
    "preferred_languages": [
      {
        "lang_iso": "fr",
        "native_name": "Français",
        "english_name": "French"
      },
      {
        "native_name": "中文",
        "lang_iso": "zh",
        "english_name": "Chinese"
      }
    ],
    "country_iso2": "MC"
  },
  {
    "preferred_languages": [
      {
        "english_name": "Arabic",
        "native_name": "العربية",
        "lang_iso": "ar"
      },
      {
        "native_name": "English",
        "lang_iso": "en",
        "english_name": "English"
      }
    ],
    "country_iso2": "SY"
  },
  {
    "country_iso2": "NF",
    "preferred_languages": [
      {
        "native_name": "English",
        "lang_iso": "en",
        "english_name": "English"
      },
      {
        "lang_iso": "zh",
        "english_name": "Chinese",
        "native_name": "中文"
      }
    ]
  },
  {
    "country_iso2": "TR",
    "preferred_languages": [
      {
        "native_name": "Türk",
        "lang_iso": "tr",
        "english_name": "Turkish"
      },
      {
        "lang_iso": "zh",
        "native_name": "中文",
        "english_name": "Chinese"
      }
    ]
  },
  {
    "preferred_languages": [
      {
        "native_name": "English",
        "lang_iso": "en",
        "english_name": "English"
      },
      {
        "english_name": "Chinese",
        "lang_iso": "zh",
        "native_name": "中文"
      }
    ],
    "country_iso2": "KN"
  },
  {
    "country_iso2": "MU",
    "preferred_languages": [
      {
        "english_name": "English",
        "native_name": "English",
        "lang_iso": "en"
      },
      {
        "lang_iso": "zh",
        "native_name": "中文",
        "english_name": "Chinese"
      }
    ]
  },
  {
    "country_iso2": "PL",
    "preferred_languages": [
      {
        "english_name": "Polish",
        "lang_iso": "pl",
        "native_name": "Polskie"
      },
      {
        "native_name": "中文",
        "lang_iso": "zh",
        "english_name": "Chinese"
      }
    ]
  },
  {
    "preferred_languages": [
      {
        "english_name": "Afrikaans",
        "lang_iso": "af",
        "native_name": "Afrikaans"
      },
      {
        "english_name": "English",
        "lang_iso": "en",
        "native_name": "English"
      }
    ],
    "country_iso2": "ZA"
  },
  {
    "preferred_languages": [
      {
        "lang_iso": "en",
        "english_name": "English",
        "native_name": "English"
      },
      {
        "native_name": "中文",
        "english_name": "Chinese",
        "lang_iso": "zh"
      }
    ],
    "country_iso2": "SZ"
  },
  {
    "preferred_languages": [
      {
        "lang_iso": "pt",
        "english_name": "Portuguese",
        "native_name": "Português"
      },
      {
        "lang_iso": "zh",
        "native_name": "中文",
        "english_name": "Chinese"
      }
    ],
    "country_iso2": "PT"
  },
  {
    "country_iso2": "VN",
    "preferred_languages": [
      {
        "english_name": "Arabic",
        "native_name": "العربية",
        "lang_iso": "ar"
      },
      {
        "english_name": "English",
        "native_name": "English",
        "lang_iso": "en"
      }
    ]
  },
  {
    "preferred_languages": [
      {
        "lang_iso": "ar",
        "english_name": "Arabic",
        "native_name": "العربية"
      },
      {
        "english_name": "English",
        "lang_iso": "en",
        "native_name": "English"
      }
    ],
    "country_iso2": "SI"
  },
  {
    "country_iso2": "PN",
    "preferred_languages": [
      {
        "lang_iso": "en",
        "english_name": "English",
        "native_name": "English"
      },
      {
        "english_name": "Chinese",
        "native_name": "中文",
        "lang_iso": "zh"
      }
    ]
  },
  {
    "country_iso2": "RO",
    "preferred_languages": [
      {
        "native_name": "Română",
        "lang_iso": "ro",
        "english_name": "Romanian"
      },
      {
        "lang_iso": "zh",
        "english_name": "Chinese",
        "native_name": "中文"
      }
    ]
  },
  {
    "preferred_languages": [
      {
        "native_name": "Español",
        "lang_iso": "es",
        "english_name": "Spanish"
      },
      {
        "english_name": "Chinese",
        "native_name": "中文",
        "lang_iso": "zh"
      }
    ],
    "country_iso2": "UY"
  },
  {
    "country_iso2": "SD",
    "preferred_languages": [
      {
        "english_name": "Arabic",
        "lang_iso": "ar",
        "native_name": "العربية"
      },
      {
        "lang_iso": "en",
        "english_name": "English",
        "native_name": "English"
      }
    ]
  },
  {
    "country_iso2": "TK",
    "preferred_languages": [
      {
        "native_name": "English",
        "lang_iso": "en",
        "english_name": "English"
      },
      {
        "native_name": "中文",
        "english_name": "Chinese",
        "lang_iso": "zh"
      }
    ]
  },
  {
    "country_iso2": "SJ",
    "preferred_languages": [
      {
        "native_name": "Norsk",
        "lang_iso": "no",
        "english_name": "Norwegian"
      },
      {
        "english_name": "Chinese",
        "native_name": "中文",
        "lang_iso": "zh"
      }
    ]
  },
  {
    "country_iso2": "US",
    "preferred_languages": [
      {
        "lang_iso": "en",
        "native_name": "English",
        "english_name": "English"
      },
      {
        "lang_iso": "zh",
        "english_name": "Chinese",
        "native_name": "中文"
      }
    ]
  },
  {
    "country_iso2": "TJ",
    "preferred_languages": [
      {
        "english_name": "Russian",
        "lang_iso": "ru",
        "native_name": "Русский"
      },
      {
        "lang_iso": "zh",
        "english_name": "Chinese",
        "native_name": "中文"
      }
    ]
  },
  {
    "country_iso2": "TC",
    "preferred_languages": [
      {
        "lang_iso": "en",
        "english_name": "English",
        "native_name": "English"
      },
      {
        "english_name": "Chinese",
        "native_name": "中文",
        "lang_iso": "zh"
      }
    ]
  },
  {
    "country_iso2": "SE",
    "preferred_languages": [
      {
        "english_name": "Swedish",
        "native_name": "Svenska",
        "lang_iso": "sv"
      },
      {
        "english_name": "Chinese",
        "lang_iso": "zh",
        "native_name": "中文"
      }
    ]
  },
  {
    "preferred_languages": [
      {
        "lang_iso": "es",
        "native_name": "Español",
        "english_name": "Spanish"
      },
      {
        "native_name": "English",
        "lang_iso": "en",
        "english_name": "English"
      }
    ],
    "country_iso2": "PR"
  },
  {
    "preferred_languages": [
      {
        "native_name": "English",
        "lang_iso": "en",
        "english_name": "English"
      },
      {
        "lang_iso": "zh",
        "native_name": "中文",
        "english_name": "Chinese"
      }
    ],
    "country_iso2": "VG"
  },
  {
    "country_iso2": "NG",
    "preferred_languages": [
      {
        "lang_iso": "en",
        "english_name": "English",
        "native_name": "English"
      },
      {
        "native_name": "中文",
        "lang_iso": "zh",
        "english_name": "Chinese"
      }
    ]
  },
  {
    "country_iso2": "VU",
    "preferred_languages": [
      {
        "lang_iso": "en",
        "native_name": "English",
        "english_name": "English"
      },
      {
        "lang_iso": "fr",
        "english_name": "French",
        "native_name": "Français"
      }
    ]
  },
  {
    "country_iso2": "CH",
    "preferred_languages": [
      {
        "native_name": "Deutsche",
        "lang_iso": "de",
        "english_name": "German"
      },
      {
        "native_name": "Français",
        "lang_iso": "fr",
        "english_name": "French"
      }
    ]
  },
  {
    "preferred_languages": [
      {
        "english_name": "English",
        "native_name": "English",
        "lang_iso": "en"
      },
      {
        "english_name": "Chinese",
        "native_name": "中文",
        "lang_iso": "zh"
      }
    ],
    "country_iso2": "SB"
  },
  {
    "country_iso2": "SL",
    "preferred_languages": [
      {
        "english_name": "English",
        "native_name": "English",
        "lang_iso": "en"
      },
      {
        "lang_iso": "zh",
        "english_name": "Chinese",
        "native_name": "中文"
      }
    ]
  },
  {
    "preferred_languages": [
      {
        "lang_iso": "sr",
        "english_name": "Serbian",
        "native_name": "Српски"
      },
      {
        "native_name": "中文",
        "lang_iso": "zh",
        "english_name": "Chinese"
      }
    ],
    "country_iso2": "RS"
  },
  {
    "country_iso2": "QA",
    "preferred_languages": [
      {
        "lang_iso": "ar",
        "english_name": "Arabic",
        "native_name": "العربية"
      },
      {
        "native_name": "English",
        "english_name": "English",
        "lang_iso": "en"
      }
    ]
  },
  {
    "preferred_languages": [
      {
        "english_name": "Russian",
        "lang_iso": "ru",
        "native_name": "Русский"
      },
      {
        "native_name": "中文",
        "lang_iso": "zh",
        "english_name": "Chinese"
      }
    ],
    "country_iso2": "TM"
  },
  {
    "preferred_languages": [
      {
        "lang_iso": "ar",
        "english_name": "Arabic",
        "native_name": "العربية"
      },
      {
        "english_name": "English",
        "lang_iso": "en",
        "native_name": "English"
      }
    ],
    "country_iso2": "YE"
  },
  {
    "country_iso2": "SK",
    "preferred_languages": [
      {
        "native_name": "العربية",
        "lang_iso": "ar",
        "english_name": "Arabic"
      },
      {
        "native_name": "English",
        "lang_iso": "en",
        "english_name": "English"
      }
    ]
  },
  {
    "country_iso2": "SC",
    "preferred_languages": [
      {
        "english_name": "French",
        "lang_iso": "fr",
        "native_name": "Français"
      },
      {
        "english_name": "English",
        "lang_iso": "en",
        "native_name": "English"
      }
    ]
  },
  {
    "country_iso2": "WF",
    "preferred_languages": [
      {
        "english_name": "French",
        "lang_iso": "fr",
        "native_name": "Français"
      },
      {
        "lang_iso": "zh",
        "native_name": "中文",
        "english_name": "Chinese"
      }
    ]
  },
  {
    "preferred_languages": [
      {
        "english_name": "English",
        "lang_iso": "en",
        "native_name": "English"
      },
      {
        "english_name": "French",
        "native_name": "Français",
        "lang_iso": "fr"
      }
    ],
    "country_iso2": "RW"
  },
  {
    "country_iso2": "LK",
    "preferred_languages": [
      {
        "english_name": "Sinhala",
        "lang_iso": "si",
        "native_name": "Sinhala"
      },
      {
        "english_name": "Chinese",
        "native_name": "中文",
        "lang_iso": "zh"
      }
    ]
  },
  {
    "country_iso2": "TG",
    "preferred_languages": [
      {
        "english_name": "French",
        "lang_iso": "fr",
        "native_name": "Français"
      },
      {
        "native_name": "中文",
        "lang_iso": "zh",
        "english_name": "Chinese"
      }
    ]
  },
  {
    "preferred_languages": [
      {
        "native_name": "English",
        "english_name": "English",
        "lang_iso": "en"
      },
      {
        "native_name": "中文",
        "lang_iso": "zh",
        "english_name": "Chinese"
      }
    ],
    "country_iso2": "GS"
  },
  {
    "country_iso2": "UZ",
    "preferred_languages": [
      {
        "native_name": "Русский",
        "lang_iso": "ru",
        "english_name": "Russian"
      },
      {
        "english_name": "Chinese",
        "lang_iso": "zh",
        "native_name": "中文"
      }
    ]
  },
  {
    "country_iso2": "MK",
    "preferred_languages": [
      {
        "lang_iso": "ar",
        "native_name": "العربية",
        "english_name": "Arabic"
      },
      {
        "lang_iso": "en",
        "english_name": "English",
        "native_name": "English"
      }
    ]
  },
  {
    "preferred_languages": [
      {
        "lang_iso": "en",
        "native_name": "English",
        "english_name": "English"
      },
      {
        "lang_iso": "zh",
        "native_name": "中文",
        "english_name": "Chinese"
      }
    ],
    "country_iso2": "UG"
  },
  {
    "preferred_languages": [
      {
        "lang_iso": "pt",
        "english_name": "Portuguese",
        "native_name": "Português"
      },
      {
        "lang_iso": "zh",
        "english_name": "Chinese",
        "native_name": "中文"
      }
    ],
    "country_iso2": "ST"
  },
  {
    "preferred_languages": [
      {
        "native_name": "English",
        "lang_iso": "en",
        "english_name": "English"
      },
      {
        "english_name": "Chinese",
        "native_name": "中文",
        "lang_iso": "zh"
      }
    ],
    "country_iso2": "ZM"
  },
  {
    "preferred_languages": [
      {
        "lang_iso": "ar",
        "native_name": "العربية",
        "english_name": "Arabic"
      },
      {
        "lang_iso": "en",
        "english_name": "English",
        "native_name": "English"
      }
    ],
    "country_iso2": "AE"
  },
  {
    "preferred_languages": [
      {
        "english_name": "English",
        "lang_iso": "en",
        "native_name": "English"
      },
      {
        "english_name": "Chinese",
        "lang_iso": "zh",
        "native_name": "中文"
      }
    ],
    "country_iso2": "TV"
  },
  {
    "preferred_languages": [
      {
        "native_name": "Português",
        "lang_iso": "pt",
        "english_name": "Portuguese"
      },
      {
        "native_name": "中文",
        "lang_iso": "zh",
        "english_name": "Chinese"
      }
    ],
    "country_iso2": "TL"
  },
  {
    "country_iso2": "PG",
    "preferred_languages": [
      {
        "native_name": "English",
        "english_name": "English",
        "lang_iso": "en"
      },
      {
        "english_name": "Chinese",
        "lang_iso": "zh",
        "native_name": "中文"
      }
    ]
  },
  {
    "country_iso2": "TW",
    "preferred_languages": [
      {
        "english_name": "Chinese",
        "lang_iso": "zh",
        "native_name": "中文"
      },
      {
        "english_name": "Chinese",
        "lang_iso": "zh",
        "native_name": "中文"
      }
    ]
  },
  {
    "country_iso2": "ZW",
    "preferred_languages": [
      {
        "native_name": "English",
        "lang_iso": "en",
        "english_name": "English"
      },
      {
        "native_name": "中文",
        "english_name": "Chinese",
        "lang_iso": "zh"
      }
    ]
  },
  {
    "country_iso2": "VI",
    "preferred_languages": [
      {
        "english_name": "English",
        "lang_iso": "en",
        "native_name": "English"
      },
      {
        "lang_iso": "zh",
        "english_name": "Chinese",
        "native_name": "中文"
      }
    ]
  },
  {
    "preferred_languages": [
      {
        "native_name": "Italiano",
        "lang_iso": "it",
        "english_name": "Italian"
      },
      {
        "english_name": "Chinese",
        "native_name": "中文",
        "lang_iso": "zh"
      }
    ],
    "country_iso2": "SM"
  },
  {
    "country_iso2": "VE",
    "preferred_languages": [
      {
        "lang_iso": "es",
        "native_name": "Español",
        "english_name": "Spanish"
      },
      {
        "lang_iso": "zh",
        "native_name": "中文",
        "english_name": "Chinese"
      }
    ]
  }
]
